Device_id,Level,API Name,Time(us),Count,Avg(us),Min(us),Max(us),Variance
host,acl,Add_Tiling,149.31,3,49.77,26.28,66.33,291.346
host,acl,ArgMaxV2_Tiling,13.11,1,13.11,13.11,13.11,0
host,acl,BroadcastTo_Tiling,1214.94,36,33.748,25.1,100.4,157.686
host,acl,Cast_Tiling,9334.37,295,31.642,20.81,138.42,137.135
host,acl,ConcatD_Tiling,47.6,1,47.6,47.6,47.6,0
host,acl,Fill_Tiling,251.42,6,41.903,22.22,93.31,561.754
host,acl,GatherV2_Tiling,173.16,2,86.58,54.29,118.87,1042.644
host,acl,Greater_Tiling,54.06,1,54.06,54.06,54.06,0
host,acl,IndexPutV2_Tiling,437.29,36,12.147,9.92,20.34,8.088
host,acl,Index_Tiling,40.13,4,10.033,8.85,12.79,2.563
host,acl,LogicalNot_Tiling,22.27,1,22.27,22.27,22.27,0
host,acl,MatMulV2_Tiling,982.77,12,81.898,0.69,338.28,10751.882
host,acl,Mul_Tiling,37.57,1,37.57,37.57,37.57,0
host,acl,NonZero_Tiling,208.6,36,5.794,0.97,14.59,18.923
host,acl,ReshapeAndCacheOperation::Execute,32830.5,300,109.435,67.62,390.92,1180.077
host,acl,ReshapeAndCacheOperation::Setup,30089.02,300,100.297,39.84,13159.83,570830.177
host,acl,Sigmoid_Tiling,109.73,1,109.73,109.73,109.73,0
host,acl,Slice_Tiling,1180.98,42,28.119,11.14,74.9,260.895
host,acl,Sub_Tiling,129.06,4,32.265,22.65,38.12,34.99
host,acl,Transpose_Tiling,496.75,46,10.799,0.85,67.76,173.862
host,acl,ZerosLike_Tiling,33.21,1,33.21,33.21,33.21,0
host,acl,aclmdlRICaptureGetInfo,9538.93,3050,3.128,0.96,24.69,1.223
host,acl,aclmdlRIExecuteAsync,49132.34,1225,40.108,15.64,993.26,6963.227
host,acl,aclnnAddRmsNormBias,3222.04,48,67.126,37.07,119.66,232.015
host,acl,aclnnAddRmsNormBiasGetWorkspaceSize,1393.04,48,29.022,20.64,168.89,434.833
host,acl,aclnnAddRmsNormBiasTiling,83.87,1,83.87,83.87,83.87,0
host,acl,aclnnAdds,11591.55,174,66.618,29.68,3000.29,50263.645
host,acl,aclnnAddsGetWorkspaceSize,1470.9,3,490.3,51.79,1361.91,379856.874
host,acl,aclnnArgMax,5150.37,50,103.007,50.56,904.2,14790.614
host,acl,aclnnArgMaxGetWorkspaceSize,2292.69,1,2292.69,2292.69,2292.69,0
host,acl,aclnnBitwiseNot,1219.13,18,67.729,28.55,593.44,16292.2
host,acl,aclnnBitwiseNotGetWorkspaceSize,949.04,1,949.04,949.04,949.04,0
host,acl,aclnnCast,9556.53,168,56.884,24.2,336.12,1216.522
host,acl,aclnnCastGetWorkspaceSize,237.53,5,47.506,38.41,54.42,28.829
host,acl,aclnnCat,1635.7,36,45.436,30.88,145.43,370.352
host,acl,aclnnCatGetWorkspaceSize,55.17,1,55.17,55.17,55.17,0
host,acl,aclnnCausalConv1d,5193.66,18,288.537,220.05,446.28,2538.277
host,acl,aclnnCausalConv1dGetWorkspaceSize,3324.04,18,184.669,123.3,853.9,27119.955
host,acl,aclnnCausalConv1dTiling,56.58,1,56.58,56.58,56.58,0
host,acl,aclnnContiguous,5746.95,30,191.565,110.32,271.92,2245.533
host,acl,aclnnContiguousGetWorkspaceSize,2706.71,30,90.224,53.59,194.17,965.233
host,acl,aclnnCumsum,6441.07,36,178.919,115.44,959.98,17925.13
host,acl,aclnnCumsumGetWorkspaceSize,11608.03,36,322.445,43.36,9805.03,2569168.496
host,acl,aclnnEmbedding,7322.45,50,146.449,33.28,4697.64,423957.656
host,acl,aclnnEmbeddingGetWorkspaceSize,2443.51,2,1221.755,51.02,2392.49,1370620.44
host,acl,aclnnFloorDivides,38087.03,126,302.278,225.83,1093.09,6437.458
host,acl,aclnnFloorDividesGetWorkspaceSize,37775.65,126,299.807,55.46,29666.94,6899534.733
host,acl,aclnnGemmaRmsNorm,1651.32,13,127.025,50.67,224.15,3886.029
host,acl,aclnnGemmaRmsNormGetWorkspaceSize,1194.58,13,91.891,22.11,237.93,4137.426
host,acl,aclnnGemmaRmsNormTiling,149.33,3,49.777,26.97,64.71,268.379
host,acl,aclnnGtScalar,4007.19,3,1335.73,67.21,3861.2,3189021.671
host,acl,aclnnGtScalarGetWorkspaceSize,2898.6,1,2898.6,2898.6,2898.6,0
host,acl,aclnnIndex,5861.46,74,79.209,39.4,583.63,6489.441
host,acl,aclnnIndexGetWorkspaceSize,797.28,4,199.32,64.75,394.04,17227.29
host,acl,aclnnIndexPutImpl,9476.14,36,263.226,190.34,847.75,16000.315
host,acl,aclnnIndexPutImplGetWorkspaceSize,56303.67,36,1563.991,71.69,52954.23,75458512.849
host,acl,aclnnInnerFusedInferAttentionScore,51430.77,300,171.436,124.61,2042.16,12918.189
host,acl,aclnnInnerFusedInferAttentionScoreGetWorkspaceSize,89881.55,300,299.605,28.21,72035.04,17213826.35
host,acl,aclnnInnerFusedInferAttentionScoreTiling,3854.67,50,77.093,49.01,143.97,779.33
host,acl,aclnnInplaceCopy,138267.85,2799,49.399,4.29,210.3,496.019
host,acl,aclnnInplaceCopyGetWorkspaceSize,53084,1687,31.467,12.99,152.84,114.345
host,acl,aclnnInplaceFillScalar,154132.8,2924,52.713,3.44,3348.7,4447.917
host,acl,aclnnInplaceFillScalarGetWorkspaceSize,1832.11,10,183.211,13.61,1525.1,200210.211
host,acl,aclnnInplaceZero,1119.49,18,62.194,35.83,121.76,499.592
host,acl,aclnnInplaceZeroGetWorkspaceSize,45.08,1,45.08,45.08,45.08,0
host,acl,aclnnMatmul,9476.26,164,57.782,28,172.84,459.081
host,acl,aclnnMatmulGetWorkspaceSize,1763.05,6,293.842,165.66,492.02,13171.481
host,acl,aclnnMul,349.35,6,58.225,33.01,149.79,1701.334
host,acl,aclnnMulGetWorkspaceSize,53.95,1,53.95,53.95,53.95,0
host,acl,aclnnNonzeroV2,8130.16,18,451.676,280.03,2588.53,269850.755
host,acl,aclnnNonzeroV2GetWorkspaceSize,13883.04,18,771.28,57.37,12698.74,8368650.987
host,acl,aclnnSigmoid,518.28,6,86.38,44.17,247.13,5342.039
host,acl,aclnnSigmoidGetWorkspaceSize,74.34,1,74.34,74.34,74.34,0
host,acl,aclnnSub,23592.93,426,55.382,25.24,183.1,358.537
host,acl,aclnnSubGetWorkspaceSize,111.02,2,55.51,38.43,72.59,291.726
host,acl,aclnnSubs,7750.35,176,44.036,23.39,179.47,622.229
host,acl,aclnnSubsGetWorkspaceSize,113.68,2,56.84,48.34,65.34,72.25
host,acl,aclnnSwiGlu,1526.04,24,63.585,36.37,106.21,194.676
host,acl,aclnnSwiGluGetWorkspaceSize,682.35,24,28.431,19.85,113.06,318.587
host,acl,aclnnSwiGluTiling,61.26,1,61.26,61.26,61.26,0
host,acl,aclrtBinaryLoadFromData,14630.54,16,914.409,39.45,11013.94,6880561.986
host,acl,aclrtBinaryLoadFromFile,38461.28,2,19230.64,9514.61,28946.67,94401238.961
host,acl,aclrtCreateEventExWithFlag,1439.49,103,13.976,6.39,103.84,226.916
host,acl,aclrtCtxGetSysParamOpt,837.42,694,1.207,0.86,20.23,0.915
host,acl,aclrtDestroyEvent,633.83,100,6.338,2.13,26.38,17.496
host,acl,aclrtGetHardwareSyncAddr,31.36,18,1.742,1.44,2.18,0.034
host,acl,aclrtGetResInCurrentThread,9610.5,4756,2.021,0.55,55.5,2.767
host,acl,aclrtGetStreamAttribute,15751.61,7741,2.035,0.75,93.86,3.565
host,acl,aclrtLaunchKernelWithHostArgs,241594.19,6089,39.677,12.65,250.74,423.305
host,acl,aclrtMallocPhysical,997.65,5,199.53,147.48,266.73,2597.61
host,acl,aclrtMapMem,322.71,5,64.542,39.01,89.38,418.428
host,acl,aclrtMemcpy,15767.26,289,54.558,27.2,933.43,2770.453
host,acl,aclrtMemcpyAsync,44740.34,2078,21.53,4.71,130.76,84.004
host,acl,aclrtMemcpyAsyncWithCondition,1229.92,50,24.598,13.51,82.58,115.306
host,acl,aclrtPointerGetAttributes,5472.75,757,7.23,3.5,129.05,45.152
host,acl,aclrtQueryEventStatus,302.9,49,6.182,4.25,26.48,9.006
host,acl,aclrtRecordEvent,7102.01,252,28.183,10.19,64.38,87.196
host,acl,aclrtSetDevice,132.06,1,132.06,132.06,132.06,0
host,acl,aclrtStreamWaitEvent,2245.47,100,22.455,5.07,56.49,82.071
host,acl,aclrtSynchronizeDeviceWithTimeout,101.3,1,101.3,101.3,101.3,0
host,acl,aclrtSynchronizeEvent,10344.3,101,102.419,4.21,1455.58,28944.27
host,acl,aclrtSynchronizeStream,5641.9,289,19.522,7.66,246.23,279.872
host,acl,aclrtSynchronizeStreamWithTimeout,36983.81,1249,29.611,5.71,92.5,41.281
host,node,launch,384997.38,8357,46.069,15.36,1667.1,1009.657
